insert into user (id, first_name, last_name, email) values(1, 'Jared', 'Goff', 'jaredgoff@nfl.com');
insert into user (id, first_name, last_name, email) values(2, 'Deshaun', 'Watson', 'deshaunwatson@nfl.com');
insert into user (id, first_name, last_name, email) values(3, 'Aaron', 'Rodgers', 'aaronrodgers@nfl.com');
insert into user (id, first_name, last_name, email) values(4, 'Carson', 'Wentz', 'carsonwentz@nfl.com');
insert into user (id, first_name, last_name, email) values(5, 'Justin', 'Herbert', 'justinherbert@nfl.com');
insert into user (id, first_name, last_name, email) values(6, 'Tom', 'Brady', 'tombrady@nfl.com');
insert into user (id, first_name, last_name, email) values(7, 'Cam', 'Newton', 'camnewton@nfl.com');
insert into user (id, first_name, last_name, email) values(8, 'Big', 'Ben', 'bigben@nfl.com');
insert into user (id, first_name, last_name, email) values(9, 'Philip', 'Rivers', 'philiprivers@nfl.com');
insert into user (id, first_name, last_name, email) values(10, 'Matt', 'Ryan', 'mattryan@nfl.com');
insert into user (id, first_name, last_name, email) values(11, 'Matthew', 'Stafford', 'matthewstafford@nfl.com');
insert into user (id, first_name, last_name, email) values(12, 'Russell', 'Wilson', 'russellwilson@nfl.com');
insert into user (id, first_name, last_name, email) values(13, 'Drew', 'Brees', 'drewbrees@nfl.com');
insert into user (id, first_name, last_name, email) values(14, 'Ryan', 'Fitzpatrick', 'ryanfitzpatrick@nfl.com');
insert into user (id, first_name, last_name, email) values(15, 'Kirk', 'Cousins', 'kirkcousins@nfl.com');
insert into user (id, first_name, last_name, email) values(16, 'Kyler', 'Murray', 'kylermurray@nfl.com');
insert into user (id, first_name, last_name, email) values(17, 'Baker', 'Mayfield', 'bakermayfield@nfl.com');
insert into user (id, first_name, last_name, email) values(18, 'Derek', 'Carr', 'derekcarr@nfl.com');
insert into user (id, first_name, last_name, email) values(19, 'Patrick', 'Mahomes', 'patrickmahomes@nfl.com');
insert into user (id, first_name, last_name, email) values(20, 'Josh', 'Allen', 'joshallen@nfl.com');
insert into user (id, first_name, last_name, email) values(21, 'Lamar', 'Jackson', 'lamarjackson@nfl.com');
insert into user (id, first_name, last_name, email) values(22, 'Daniel', 'Jones', 'danieljones@nfl.com');
insert into user (id, first_name, last_name, email) values(23, 'Andy', 'Dalton', 'andydalton@nfl.com');

insert into course (id, name, creator_id) values(1, 'PlayAction101', 1);
insert into course (id, name, creator_id) values(2, 'DeepBall101', 3);
insert into course (id, name, creator_id) values(3, 'QBDraw101', 21);
insert into course (id, name, creator_id) values(4, 'HailMary101', 3);
insert into course (id, name, creator_id) values(5, 'Checkdown101', 6);

insert into student_course (course_id, student_id) values(1, 1);
insert into student_course (course_id, student_id) values(1, 4);
insert into student_course (course_id, student_id) values(1, 5);
insert into student_course (course_id, student_id) values(1, 6);
insert into student_course (course_id, student_id) values(1, 11);
insert into student_course (course_id, student_id) values(1, 17);
insert into student_course (course_id, student_id) values(1, 18);

insert into student_course (course_id, student_id) values(2, 3);
insert into student_course (course_id, student_id) values(2, 1);
insert into student_course (course_id, student_id) values(2, 4);
insert into student_course (course_id, student_id) values(2, 5);
insert into student_course (course_id, student_id) values(2, 8);
insert into student_course (course_id, student_id) values(2, 11);
insert into student_course (course_id, student_id) values(2, 12);
insert into student_course (course_id, student_id) values(2, 16);
insert into student_course (course_id, student_id) values(2, 19);
insert into student_course (course_id, student_id) values(2, 20);

insert into student_course (course_id, student_id) values(3, 21);
insert into student_course (course_id, student_id) values(3, 2);
insert into student_course (course_id, student_id) values(3, 4);
insert into student_course (course_id, student_id) values(3, 5);
insert into student_course (course_id, student_id) values(3, 7);
insert into student_course (course_id, student_id) values(3, 12);
insert into student_course (course_id, student_id) values(3, 14);
insert into student_course (course_id, student_id) values(3, 16);
insert into student_course (course_id, student_id) values(3, 20);
insert into student_course (course_id, student_id) values(3, 22);

insert into student_course (course_id, student_id) values(4, 3);
insert into student_course (course_id, student_id) values(4, 12);
insert into student_course (course_id, student_id) values(4, 15);
insert into student_course (course_id, student_id) values(4, 16);
insert into student_course (course_id, student_id) values(4, 23);

insert into student_course (course_id, student_id) values(5, 6);
insert into student_course (course_id, student_id) values(5, 1);
insert into student_course (course_id, student_id) values(5, 7);
insert into student_course (course_id, student_id) values(5, 10);
insert into student_course (course_id, student_id) values(5, 13);
insert into student_course (course_id, student_id) values(5, 15);
insert into student_course (course_id, student_id) values(5, 17);
insert into student_course (course_id, student_id) values(5, 21);
insert into student_course (course_id, student_id) values(5, 23);




